Lebanon,
UK,
Australia,
UK,
USA,
Switzerland,
Canada,
Philippines,
Australia,
UK,
UK,
India,
India,
Nigeria,
UK,
UK,
South Africa,
India,
Germany,
0
Pakistan,
Australia,
UK,
USA,
France,
India,
Australia,
India,
India,
India,
Australia,
USA,
USA,
South Africa,
UK,
UK,
Denmark,
USA,
UK,
Australia,
UK,
UK,
UK,
India,
Australia,
UK,
South Africa,
Canada,
Canada,
USA,
USA,
Cyprus,
Singapore,
USA,
Malaysia,
Italy,
France,
France,
USA,
USA,
Irlande,
USA,
USA,
Irlande,
Canada,
Australia,
Philippines,
Wales,
Australia,
USA,
India,
USA,
Jordan,
Pakistan,
Australia,
 Philadelphia,
Australia,
India,
Australia,
USA,
New Zealand,
USA,
USA,
UK,
SouthKorea,
Scotland,
Lebanon,
Australia,
Scotland,
Scotland,
Lithuania,
UK,
UK,
UK,
Canada,
USA,
Bangladesh,
Italy,
South Africa,
0
USA,
0
France,
Jordan,
Tunisia,
UK,
USA,
USA,
Australia,
USA,
Wales,
0
USA,
Australia,
USA,
UK,
UK,
USA,
Scotland,
Australia,
India,
USA,
Australia,
New Zealand,
USA,
Lebanon,
Scotland,
USA,
Irlande,
USA,
Australia,
USA,
USA,
USA,
USA,
India,
India,
Australia,
USA,
USA,
Philippines
India,
UAE,
UK,
Montenegro,
UK,
Australia,
UK,
Australia,
Bangladesh,
India,
USA,
India,
USA,
Bulgaria,
New Zealand,
Australia,
Bulgaria,
0
India,
0
UK,
Australia,
USA,
India,
Scotland,
Switzerland,
UK,
Philippines,
USA,
UK,
Switzerland,
USA,
India,
USA,
Australia,
Pakistan,
Switzerland,
Inde
USA,
UK,
Australia,
New Zealand,
Australia,
USA,
USA,
Canada,
India,
UK,
UK,
UK,
UK,
Philippines,
USA,
UK,
Denmark,
USA,
UK,
Egypte,
UK,
USA,
USA,
India,
Scotland,
Australia,
South Africa,
Australia,
UK,
UK,
South Africa,
USA,
UK,
USA,
UK,
Netherlands,
UAE,
Australia,
USA,
USA,
Canada,
Philippines,
USA,
USA,
UK,
UK,
France,
Georgia,
USA,
France,
Mexico,
UK,
New Zealand,
UK,
Jordan,
Canada,
UK,
India,
Australia,
Australia,
UK,
Australia,
Netherlands,
Australia,
UK,
Hungary,
0
UK,
UAE,
Jordan,
Greece,
Philippines,
Canada,
Lebanon,
Spain,
Egypte,
UAE,
Australia,
UK,
0
0
Australia,
India,
Irlande,
USA,
UAE,
USA,
USA,
India,
Canada,
India,
UK,
UK,
Pakistan,
0
Egypte,
India,
Switzerland,
Italy,
UK,
Macedonia,
Poland,
Mauritus,
Brazil,
USA,
